{
    "test loss": 0.6584881544113159,
    "test accuracy": 0.7749999761581421
}