{
    "test loss": 0.6935946941375732,
    "test accuracy": 0.7666666507720947
}